case,units,p50_us,p95_us,allocated_bytes
empty_trace_straight,1,8.039,8.704,18008.0
empty_trace_diagonal,1,12.368,13.120,30152.0
vanilla_empty_trace_straight,1,0.186,0.274,744.0
empty_collision_query,1,0.895,1.377,2552.0
group_regular_group1,64,0.576,1.315,5152.0
uv_regular_group1,64,16.980,38.086,98304.0
signal_pair_regular_group1,64,34.871,48.521,118272.0
group_regular_group8,64,14.196,14.457,7168.0
uv_regular_group8,64,23.855,24.651,98304.0
signal_pair_regular_group8,64,131.726,146.428,392448.0
group_regular_group16,64,15.722,16.292,16896.0
uv_regular_group16,64,34.192,36.539,110080.0
signal_pair_regular_group16,64,266.785,276.263,740416.0
group_regular_group64,64,151.929,153.541,60416.0
uv_regular_group64,64,179.748,193.303,153600.0
signal_pair_regular_group64,64,1214.183,1219.915,2768736.0
group_diagonal_group1,64,0.632,0.879,5120.0
uv_diagonal_group1,64,20.702,21.746,105984.0
signal_pair_diagonal_group1,64,39.092,41.395,118272.0
group_diagonal_group8,64,6.659,6.947,5120.0
uv_diagonal_group8,64,48.110,51.482,116224.0
signal_pair_diagonal_group8,64,148.735,165.093,392448.0
group_diagonal_group16,64,16.614,16.914,16896.0
uv_diagonal_group16,64,126.906,140.746,221696.0
signal_pair_diagonal_group16,64,307.751,322.560,740416.0
group_diagonal_group64,64,126.700,134.506,60416.0
uv_diagonal_group64,64,718.137,735.231,800256.0
signal_pair_diagonal_group64,64,1303.595,1337.381,2768736.0
diagonal_collision_closed,1,3.232,6.459,10072.0
diagonal_collision_open,1,62.160,109.375,242960.0
vanilla_collision_stone,1,0.180,0.270,144.0
vanilla_collision_trapdoor,1,0.144,0.184,184.0
clip_clear_quad,1,0.407,0.660,1008.0
clip_obstacle_quad,1,1.227,1.372,2408.0
flat_porthole_1_2_emission_control,64,6.867,7.285,1536.0
flat_porthole_current_emission,64,16.969,18.714,120320.0
