pose,query,algorithm,queries,median_ms,median_allocated_bytes
closed,enclosing,reference,64,0.387836,573440
closed,enclosing,current,64,0.061996,69120
closed,partial,reference,64,0.418374,573440
closed,partial,current,64,0.030116,19968
closed,miss,reference,64,0.388337,573440
closed,miss,current,64,0.014207,3584
rotated,enclosing,reference,64,3.808280,14155776
rotated,enclosing,current,64,0.124133,1052160
rotated,partial,reference,64,3.831984,14155776
rotated,partial,current,64,0.071003,441856
rotated,miss,reference,64,8.238293,14155776
rotated,miss,current,64,0.011502,3584
sliding,enclosing,reference,64,0.303068,507904
sliding,enclosing,current,64,0.039664,69120
sliding,partial,reference,64,0.296074,507904
sliding,partial,current,64,0.012954,3584
sliding,miss,reference,64,0.302286,507904
sliding,miss,current,64,0.010159,3584
