block,variant,count,vertices,build_p50_ms,build_p95_ms,allocated_bytes_p50
minecraft:stone,default,16,384,0.101014,0.125804,18848
minecraft:stone,default,64,1536,0.382809,28.780951,74912
minecraft:stone,floor_8x8,64,640,0.222176,30.547198,67744
minecraft:stone,solid_4x4x4,64,384,0.169064,0.183661,60576
minecraft:stone_slab,default,16,384,0.115555,0.123252,35104
minecraft:stone_slab,default,64,1536,0.387105,0.400316,139808
minecraft:stone_slab,floor_8x8,64,1536,0.488085,0.564017,258528
minecraft:stone_slab,solid_4x4x4,64,1536,0.618980,0.663298,440480
vandorlabs:programmable_block,default,16,384,0.085978,0.105703,89888
vandorlabs:programmable_block,default,64,1536,0.275863,0.294466,359072
vandorlabs:programmable_block,floor_8x8,64,640,0.178707,0.189867,287392
vandorlabs:programmable_block,solid_4x4x4,64,384,0.146352,0.160518,265376
vandorlabs:programmable_block,facing_down,16,384,0.068798,0.071104,92192
vandorlabs:programmable_block,facing_up,16,384,0.070475,0.073918,92192
vandorlabs:programmable_block,facing_north,16,384,0.071256,0.084835,92192
vandorlabs:programmable_block,facing_south,16,384,0.068637,0.070542,92064
vandorlabs:programmable_block,facing_west,16,384,0.070012,0.075128,92064
vandorlabs:programmable_block,facing_east,16,384,0.069104,0.072344,92064
vandorlabs:programmable_slab,default,16,384,0.080953,0.086409,91680
vandorlabs:programmable_slab,default,64,1536,0.295983,0.326528,366624
vandorlabs:programmable_slab,floor_8x8,64,640,0.227435,0.258073,357664
vandorlabs:programmable_slab,solid_4x4x4,64,768,0.254517,0.320014,381984
vandorlabs:programmable_slab,facing_down,16,384,0.073485,0.077044,93984
vandorlabs:programmable_slab,facing_up,16,384,0.073806,0.075952,93984
vandorlabs:programmable_slab,facing_north,16,384,0.075352,0.082573,93984
vandorlabs:programmable_slab,facing_south,16,384,0.071944,0.074106,93984
vandorlabs:programmable_slab,facing_west,16,384,0.073366,0.078012,93984
vandorlabs:programmable_slab,facing_east,16,384,0.074927,0.124312,93984
vandorlabs:programmable_slab,upper_tiled,16,384,0.079540,0.082364,93984
vandorlabs:programmable_stairs,default,16,768,0.202159,0.305477,88736
vandorlabs:programmable_stairs,default,64,3072,0.781982,0.903692,354848
vandorlabs:programmable_storage,default,16,384,0.088129,0.092889,92320
vandorlabs:programmable_storage,default,64,1536,0.285682,28.504636,369184
