revision,production_commit,run,camera,samples,submit_p50_ms,submit_p95_ms,complete_p50_ms,complete_p95_ms,render_cpu_p50_ms,allocated_p50_bytes,server_tick_mean_ms
release_1.3,9c433a63,1,east_wall,240,15.185640,16.461048,19.987821,21.450759,15.183679,2558888,1.120688
release_1.3,9c433a63,1,west_wall,240,19.176251,20.662283,21.564863,22.976996,19.180914,2573080,0.930743
release_1.3,9c433a63,1,overview,240,13.638002,14.594704,17.938113,18.922456,13.637254,2547288,0.990991
first_1.4,2d18b157,1,east_wall,240,14.875128,16.211390,19.775273,21.055239,14.871975,1822496,0.991151
first_1.4,2d18b157,1,west_wall,240,18.863014,20.201891,21.346975,22.807680,18.857949,1837520,0.842970
first_1.4,2d18b157,1,overview,240,13.363829,14.555821,17.748037,18.950969,13.361688,1763424,0.921618
merged_diagonals,83d7e5c6,1,east_wall,240,13.267679,14.367538,18.275114,19.713166,13.270207,1527064,1.068467
merged_diagonals,83d7e5c6,1,west_wall,240,16.814800,18.210133,20.596640,21.879602,16.808753,1538552,0.912699
merged_diagonals,83d7e5c6,1,overview,240,11.520628,15.090432,15.848801,19.097714,11.515321,1463776,0.950288
merged_diagonals,83d7e5c6,2,east_wall,240,13.268040,14.220954,18.244868,19.590507,13.264005,1524104,0.976660
merged_diagonals,83d7e5c6,2,east_wall_reloaded,240,13.175356,14.427290,18.133469,19.511098,13.160842,1523744,0.881930
merged_diagonals,83d7e5c6,2,west_wall,240,16.822965,17.762504,20.624252,21.791717,16.815745,1535104,0.852852
merged_diagonals,83d7e5c6,2,west_wall_reloaded,240,16.718770,17.449508,20.472688,21.319373,16.712051,1534752,0.808070
merged_diagonals,83d7e5c6,2,overview,240,11.423376,12.349750,15.753273,16.663838,11.425142,1460984,0.729496
merged_diagonals,83d7e5c6,2,overview_reloaded,240,11.324491,12.318232,15.648937,16.618692,11.319054,1460920,0.667820
contained_boundaries,f431cb30,1,east_wall,240,12.750982,13.789065,17.858805,19.264065,12.753048,1444904,1.057792
contained_boundaries,f431cb30,1,east_wall_reloaded,240,12.623392,13.870228,17.715957,19.097564,12.614048,1444544,0.915221
contained_boundaries,f431cb30,1,west_wall,240,16.298193,18.099365,20.307269,22.128317,16.295151,1454976,0.903080
contained_boundaries,f431cb30,1,west_wall_reloaded,240,16.234804,17.346706,20.230805,21.585892,16.235900,1455712,0.885273
contained_boundaries,f431cb30,1,overview,240,11.567817,12.681171,16.124618,17.235417,11.568351,1476376,0.780210
contained_boundaries,f431cb30,1,overview_reloaded,240,11.489170,12.596181,16.010514,17.315748,11.483472,1476312,0.687110
