block,variant,count,baked_vertices,tile_renderers,build_ms,submit_p50_ms,submit_p95_ms,complete_p50_ms,complete_p95_ms,allocated_bytes_p50
minecraft:stone,default,16,384,0,0.675074,0.015349,0.020969,0.246482,0.310592,64
minecraft:stone,default,64,1536,0,1.219654,0.055524,0.084448,0.619901,0.893292,64
minecraft:stone,floor_8x8,64,640,0,0.483575,0.033904,0.047188,0.280044,0.351769,64
minecraft:stone,solid_4x4x4,64,384,0,0.273262,0.017794,0.031409,0.233858,0.264274,64
minecraft:stone_slab,default,16,384,0,0.995304,0.015810,0.031850,0.222246,0.269304,64
minecraft:stone_slab,default,64,1536,0,0.798144,0.041127,0.076253,0.373048,0.492432,64
minecraft:stone_slab,floor_8x8,64,1536,0,0.778026,0.059271,0.094577,0.332542,0.392304,64
minecraft:stone_slab,solid_4x4x4,64,1536,0,1.491482,0.036358,0.050153,0.299651,0.346218,64
minecraft:glass,default,16,384,0,0.339436,0.018464,0.029826,0.244999,0.288520,64
minecraft:glass,default,64,1536,0,0.672359,0.039544,0.075842,0.451545,0.542345,64
minecraft:glass_pane,default,16,384,0,0.499976,0.014807,0.029575,0.194394,0.229970,64
minecraft:glass_pane,default,64,1536,0,1.141257,0.033603,0.049222,0.291456,0.355225,64
minecraft:oak_stairs,default,16,768,0,0.438030,0.024987,0.044713,0.272580,0.346268,64
minecraft:oak_stairs,default,64,3072,0,1.170902,0.068669,0.086061,0.508953,0.587049,64
minecraft:redstone_lamp,default,16,384,0,0.211586,0.015469,0.029024,0.250559,0.277740,64
minecraft:redstone_lamp,default,64,1536,0,0.400781,0.043091,0.052828,0.429313,0.518100,64
minecraft:chest,default,16,0,16,0.013396,0.094136,0.125164,0.352190,0.402484,32
minecraft:chest,default,64,0,64,0.032311,0.261781,0.302897,0.683740,0.746608,32
minecraft:iron_door,default,16,640,0,0.266338,0.020038,0.033943,0.261049,0.308708,64
minecraft:iron_door,default,64,2560,0,0.855331,0.058439,0.086823,0.534991,0.607717,64
minecraft:iron_door,door_open,64,2560,0,0.730307,0.056997,0.082965,0.432229,0.562173,64
vandorlabs:impulse_engine,default,16,3840,0,1.023005,0.083336,0.102562,0.449061,0.533620,64
vandorlabs:impulse_engine,default,64,15360,0,1.928280,0.273292,0.367828,1.092325,1.208182,64
vandorlabs:impulse_engine_hexagonal,default,64,17920,0,6.168488,0.312986,0.349905,0.915363,0.975486,64
vandorlabs:impulse_engine_wedge,default,64,15104,0,2.220848,0.238547,0.270987,0.792794,0.885869,64
vandorlabs:impulse_engine,engine_joined,64,2512,0,1.608541,0.059021,0.084909,0.542475,0.630781,64
vandorlabs:ion_drive,default,16,4224,0,0.553275,0.086271,0.101460,0.419044,0.456184,64
vandorlabs:ion_drive,default,64,16896,0,2.089893,0.286236,0.329397,1.055296,1.159792,64
vandorlabs:ion_drive_hexagonal,default,64,13824,0,1.648837,0.234229,0.265447,0.764771,0.815106,64
vandorlabs:ion_drive_wedge,default,64,11520,0,1.352702,0.185027,0.214912,0.722983,0.783287,64
vandorlabs:ion_drive,engine_joined,64,1728,0,1.292620,0.044503,0.065383,0.472645,0.538308,64
vandorlabs:plasma_vent,default,16,3072,0,0.443410,0.062618,0.098164,0.402944,0.457436,64
vandorlabs:plasma_vent,default,64,12288,0,1.454252,0.218549,0.260818,0.972782,1.052751,64
vandorlabs:plasma_vent_hexagonal,default,64,13824,0,1.542778,0.234710,0.281107,0.780672,0.916516,64
vandorlabs:plasma_vent_wedge,default,64,12032,0,1.514325,0.194904,0.221816,0.712334,0.749073,64
vandorlabs:plasma_vent,engine_joined,64,2240,0,1.450546,0.054923,0.067086,0.533258,0.596176,64
vandorlabs:programmable_block,default,16,384,16,0.424845,0.025708,0.050495,0.245890,0.330809,64
vandorlabs:programmable_block,default,64,1536,64,0.944809,0.057447,0.101550,0.488644,0.849481,64
vandorlabs:programmable_block,floor_8x8,64,640,64,0.540272,0.046327,0.069210,0.298999,0.344034,64
vandorlabs:programmable_block,solid_4x4x4,64,384,64,0.388177,0.029235,0.044674,0.257171,0.309139,64
vandorlabs:programmable_block,facing_down,16,384,16,0.236502,0.021440,0.037840,0.239328,0.282459,64
vandorlabs:programmable_block,facing_up,16,384,16,0.241963,0.021540,0.037991,0.243666,0.319909,64
vandorlabs:programmable_block,facing_north,16,384,16,0.236673,0.020919,0.042790,0.241312,0.277851,64
vandorlabs:programmable_block,facing_south,16,384,16,0.227756,0.023083,0.041658,0.238387,0.290624,64
vandorlabs:programmable_block,facing_west,16,384,16,0.198332,0.020699,0.035457,0.234850,0.273252,64
vandorlabs:programmable_block,facing_east,16,384,16,0.339205,0.019046,0.045024,0.231974,0.282428,64
vandorlabs:programmable_chair,default,16,8064,0,1.405772,0.131055,0.151183,0.455062,0.555790,64
vandorlabs:programmable_chair,default,64,32256,0,5.771836,0.473967,0.513772,1.130616,1.352341,64
vandorlabs:programmable_console,default,16,0,16,0.029515,0.279232,0.398706,0.610393,0.829854,18592
vandorlabs:programmable_console,default,64,0,64,0.060262,0.659024,0.717554,1.258506,1.317858,75808
vandorlabs:programmable_diagonal_screen,default,16,0,16,0.027210,0.155391,0.204022,0.471673,0.576819,2976
vandorlabs:programmable_diagonal_screen,default,64,0,64,0.059441,0.538058,0.742550,1.170943,1.357882,11808
vandorlabs:programmable_diagonal_wall,default,16,0,16,0.022291,0.091922,0.221485,0.376575,0.537206,11808
vandorlabs:programmable_diagonal_wall,default,64,0,64,0.039253,0.283010,0.342130,0.734595,0.842658,47136
vandorlabs:programmable_door,default,16,0,32,0.148368,0.395931,0.549629,0.694350,0.911566,55584
vandorlabs:programmable_door,default,64,0,128,0.305562,1.255921,1.446658,1.948729,2.208905,219168
vandorlabs:programmable_door,door_open,64,0,128,0.177182,1.193454,1.566714,1.948358,2.425651,210976
vandorlabs:programmable_door,door_glass,64,0,128,0.280144,1.219634,1.392787,1.877946,2.067882,335904
vandorlabs:programmable_door,door_sliding,64,0,128,0.189615,0.726861,0.795900,1.326624,1.404800,199712
vandorlabs:programmable_door,door_hingeless,64,0,128,0.156132,0.762137,0.822159,1.408046,1.476654,225824
vandorlabs:programmable_door,door_center,64,0,128,0.544309,1.176222,1.728977,1.833773,2.450658,334368
vandorlabs:programmable_door,door_paired,64,0,128,0.158878,1.023987,1.131128,1.603622,1.731101,246560
vandorlabs:programmable_glass,default,16,3072,16,2.394242,0.056826,0.069801,0.293990,0.357379,64
vandorlabs:programmable_glass,default,64,12288,64,3.112537,0.190627,0.222988,0.584113,0.633165,64
vandorlabs:programmable_half_console,default,16,0,16,0.013425,0.143649,0.210855,0.424084,0.536534,33312
vandorlabs:programmable_half_console,default,64,0,64,0.028934,0.520244,0.611175,1.045688,1.132270,50208
vandorlabs:programmable_half_input,default,16,0,16,0.017062,0.115005,0.129262,0.376465,0.436337,6944
vandorlabs:programmable_half_input,default,64,0,64,0.039173,0.357920,0.421510,0.753881,0.945730,27680
vandorlabs:programmable_input,default,16,0,16,0.016051,0.124724,0.150341,0.399638,0.453079,6304
vandorlabs:programmable_input,default,64,0,64,0.029536,0.420397,0.570328,0.955549,1.097024,25120
vandorlabs:programmable_light,default,16,0,16,0.023284,0.060563,0.096911,0.387145,0.441076,2976
vandorlabs:programmable_light,default,64,0,64,0.041758,0.159820,0.241201,0.910715,1.057129,11808
vandorlabs:programmable_light,facing_down,16,0,16,0.027020,0.051136,0.075461,0.332713,0.428392,2976
vandorlabs:programmable_light,facing_up,16,0,16,0.082224,0.047328,0.061936,0.328274,0.377367,2976
vandorlabs:programmable_light,facing_north,16,0,16,0.017904,0.044383,0.067417,0.333063,0.387525,2976
vandorlabs:programmable_light,facing_south,16,0,16,0.019537,0.044003,0.081022,0.345387,0.381554,2976
vandorlabs:programmable_light,facing_west,16,0,16,0.016982,0.044444,0.063720,0.318567,0.399308,2976
vandorlabs:programmable_light,facing_east,16,0,16,0.018204,0.040787,0.059742,0.309369,0.364803,2976
vandorlabs:programmable_light,light_joined,64,0,64,0.032190,0.138439,0.165580,0.763510,0.830014,11808
vandorlabs:programmable_porthole_block,default,16,0,16,0.026539,0.261970,0.410148,0.615833,0.815096,36640
vandorlabs:programmable_porthole_block,default,64,0,64,0.023895,0.950750,1.297870,1.902772,2.246986,138272
vandorlabs:programmable_porthole_block,round_joined,64,0,64,0.027863,0.914742,1.376667,1.783990,2.227670,225952
vandorlabs:programmable_porthole_block,round_unjoined,64,0,64,0.030267,1.385233,1.892904,2.633370,3.042566,279584
vandorlabs:programmable_porthole_wall,default,16,0,16,0.013806,0.231714,0.296806,0.581519,0.637804,17824
vandorlabs:programmable_porthole_wall,default,64,0,64,0.024486,0.834221,1.120227,1.573566,1.809658,71200
vandorlabs:programmable_porthole_wall,round_joined,64,0,64,0.027391,0.764260,0.829142,1.474090,1.545444,65376
vandorlabs:programmable_porthole_wall,round_unjoined,64,0,64,0.026119,1.335580,1.406102,2.207643,2.334210,75296
vandorlabs:programmable_ramp,default,16,384,0,0.175980,0.017092,0.029124,0.235290,0.284633,64
vandorlabs:programmable_ramp,default,64,1536,0,0.408866,0.039163,0.053390,0.460312,0.522528,64
vandorlabs:programmable_slab,default,16,384,16,0.561561,0.018575,0.034194,0.228247,0.268703,64
vandorlabs:programmable_slab,default,64,1536,64,0.497181,0.043952,0.068619,0.380773,0.429845,64
vandorlabs:programmable_slab,floor_8x8,64,640,64,0.394669,0.034385,0.061235,0.265216,0.336721,64
vandorlabs:programmable_slab,solid_4x4x4,64,768,64,0.405179,0.026920,0.044062,0.262211,0.324016,64
vandorlabs:programmable_slab,facing_down,16,384,16,0.185638,0.017052,0.045785,0.236713,0.357139,64
vandorlabs:programmable_slab,facing_up,16,384,16,0.173345,0.017874,0.034766,0.239097,0.312835,64
vandorlabs:programmable_slab,facing_north,16,384,16,0.231573,0.021460,0.035507,0.235190,0.292999,64
vandorlabs:programmable_slab,facing_south,16,384,16,0.202479,0.017222,0.043051,0.229440,0.301795,64
vandorlabs:programmable_slab,facing_west,16,384,16,0.166833,0.016671,0.032882,0.231474,0.275366,64
vandorlabs:programmable_slab,facing_east,16,384,16,0.172933,0.015479,0.035166,0.229309,0.283862,64
vandorlabs:programmable_slab,upper_tiled,16,384,16,0.170209,0.017453,0.039755,0.218869,0.270757,64
vandorlabs:programmable_trigger_block,default,16,0,16,0.235641,0.042990,0.057368,0.318156,0.373790,5280
vandorlabs:programmable_trigger_block,default,64,0,64,0.190116,0.139681,0.174627,0.759302,0.844041,21024
vandorlabs:programmable_viewscreen,default,16,0,16,0.022693,0.154960,0.207738,0.485759,0.576198,2336
vandorlabs:programmable_viewscreen,default,64,0,64,0.062667,0.405139,0.463669,1.113143,1.299543,9248
vandorlabs:programmable_wall,default,16,0,16,0.085870,0.084668,0.120987,0.355426,0.459190,8736
vandorlabs:programmable_wall,default,64,0,64,0.019486,0.270055,0.366325,0.713445,0.802352,34848
vandorlabs:rocket_thruster,default,16,5376,0,0.692306,0.103835,0.127799,0.451135,0.547926,64
vandorlabs:rocket_thruster,default,64,21504,0,2.366260,0.344816,0.381173,1.110058,1.180059,64
vandorlabs:rocket_thruster_hexagonal,default,64,13824,0,1.477596,0.259696,0.298850,0.802151,0.878094,64
vandorlabs:rocket_thruster_wedge,default,64,11520,0,1.230183,0.207268,0.229499,0.735317,0.866953,64
vandorlabs:rocket_thruster,engine_joined,64,1952,0,1.259839,0.048641,0.064741,0.469218,0.513291,64
