mode,neighbor_fixture,cases,original_two_sided_quads,candidate_two_sided_quads,contained_positions_min,contained_positions_max
0,0,32,1408,672,3840,3840
0,1,32,1312,488,4096,4096
0,2,32,1472,752,3840,3840
0,3,32,1824,1024,3600,3840
0,4,32,1408,672,3840,3840
0,5,32,1408,672,3840,3840
0,6,32,1408,672,3840,3840
0,7,32,1408,672,3840,3840
0,8,32,2336,1312,3600,3840
0,9,32,1408,720,3840,3840
1,0,32,1408,704,3584,3584
1,1,32,1344,656,3840,3840
1,2,32,1600,880,3584,3584
1,3,32,1824,1072,3136,3360
1,4,32,1408,704,3584,3584
1,5,32,1408,704,3584,3584
1,6,32,1408,704,3584,3584
1,7,32,1408,704,3584,3584
1,8,32,2240,1344,3136,3360
1,9,32,1472,832,3584,3584
2,0,32,1408,672,3840,3840
2,1,32,1984,928,3840,3840
2,2,32,1280,560,3840,4096
2,3,32,1408,672,3840,3840
2,4,32,1408,672,3840,3840
2,5,32,1408,672,3840,3840
2,6,32,1408,672,3840,3840
2,7,32,1408,672,3840,3840
2,8,32,1408,672,3840,3840
2,9,32,1408,704,3840,3840
